Index pair	Occurence
GTAGCGTA-GTAGCGTA	7450201
GTAGCGTA-CGATCGAT	144
GTAGCGTA-GATCAAGG	156
GTAGCGTA-AACAGCGA	222
GTAGCGTA-TAGCCATG	197
GTAGCGTA-CGGTAATC	104
GTAGCGTA-CTCTGGAT	600
GTAGCGTA-TACCGGAT	1261
GTAGCGTA-CTAGCTCA	586
GTAGCGTA-CACTTCAC	74
GTAGCGTA-GCTACTCT	1333
GTAGCGTA-ACGATCAG	640
GTAGCGTA-TATGGCAC	236
GTAGCGTA-TGTTCCGT	361
GTAGCGTA-GTCCTAAG	272
GTAGCGTA-TCGACAAG	72
GTAGCGTA-TCTTCGAC	800
GTAGCGTA-ATCATGCG	210
GTAGCGTA-ATCGTGGT	195
GTAGCGTA-TCGAGAGT	574
GTAGCGTA-TCGGATTC	101
GTAGCGTA-GATCTTGC	96
GTAGCGTA-AGAGTCCA	357
GTAGCGTA-AGGATAGC	197
CGATCGAT-GTAGCGTA	147
CGATCGAT-CGATCGAT	5225776
CGATCGAT-GATCAAGG	114
CGATCGAT-AACAGCGA	116
CGATCGAT-TAGCCATG	160
CGATCGAT-CGGTAATC	147
CGATCGAT-CTCTGGAT	873
CGATCGAT-TACCGGAT	1482
CGATCGAT-CTAGCTCA	292
CGATCGAT-CACTTCAC	89
CGATCGAT-GCTACTCT	140
CGATCGAT-ACGATCAG	187
CGATCGAT-TATGGCAC	136
CGATCGAT-TGTTCCGT	366
CGATCGAT-GTCCTAAG	150
CGATCGAT-TCGACAAG	81
CGATCGAT-TCTTCGAC	850
CGATCGAT-ATCATGCG	136
CGATCGAT-ATCGTGGT	116
CGATCGAT-TCGAGAGT	205
CGATCGAT-TCGGATTC	87
CGATCGAT-GATCTTGC	89
CGATCGAT-AGAGTCCA	185
CGATCGAT-AGGATAGC	220
GATCAAGG-GTAGCGTA	183
GATCAAGG-CGATCGAT	136
GATCAAGG-GATCAAGG	6085915
GATCAAGG-AACAGCGA	128
GATCAAGG-TAGCCATG	240
GATCAAGG-CGGTAATC	79
GATCAAGG-CTCTGGAT	474
GATCAAGG-TACCGGAT	1045
GATCAAGG-CTAGCTCA	203
GATCAAGG-CACTTCAC	64
GATCAAGG-GCTACTCT	142
GATCAAGG-ACGATCAG	406
GATCAAGG-TATGGCAC	180
GATCAAGG-TGTTCCGT	239
GATCAAGG-GTCCTAAG	298
GATCAAGG-TCGACAAG	99
GATCAAGG-TCTTCGAC	15551
GATCAAGG-ATCATGCG	183
GATCAAGG-ATCGTGGT	322
GATCAAGG-TCGAGAGT	195
GATCAAGG-TCGGATTC	77
GATCAAGG-GATCTTGC	149
GATCAAGG-AGAGTCCA	165
GATCAAGG-AGGATAGC	159
AACAGCGA-GTAGCGTA	314
AACAGCGA-CGATCGAT	231
AACAGCGA-GATCAAGG	234
AACAGCGA-AACAGCGA	8178191
AACAGCGA-TAGCCATG	230
AACAGCGA-CGGTAATC	114
AACAGCGA-CTCTGGAT	818
AACAGCGA-TACCGGAT	1716
AACAGCGA-CTAGCTCA	404
AACAGCGA-CACTTCAC	120
AACAGCGA-GCTACTCT	153
AACAGCGA-ACGATCAG	343
AACAGCGA-TATGGCAC	334
AACAGCGA-TGTTCCGT	361
AACAGCGA-GTCCTAAG	238
AACAGCGA-TCGACAAG	92
AACAGCGA-TCTTCGAC	1555
AACAGCGA-ATCATGCG	428
AACAGCGA-ATCGTGGT	286
AACAGCGA-TCGAGAGT	298
AACAGCGA-TCGGATTC	282
AACAGCGA-GATCTTGC	506
AACAGCGA-AGAGTCCA	340
AACAGCGA-AGGATAGC	350
TAGCCATG-GTAGCGTA	199
TAGCCATG-CGATCGAT	111
TAGCCATG-GATCAAGG	260
TAGCCATG-AACAGCGA	160
TAGCCATG-TAGCCATG	9852258
TAGCCATG-CGGTAATC	104
TAGCCATG-CTCTGGAT	695
TAGCCATG-TACCGGAT	1771
TAGCCATG-CTAGCTCA	439
TAGCCATG-CACTTCAC	195
TAGCCATG-GCTACTCT	148
TAGCCATG-ACGATCAG	285
TAGCCATG-TATGGCAC	321
TAGCCATG-TGTTCCGT	396
TAGCCATG-GTCCTAAG	300
TAGCCATG-TCGACAAG	157
TAGCCATG-TCTTCGAC	945
TAGCCATG-ATCATGCG	264
TAGCCATG-ATCGTGGT	142
TAGCCATG-TCGAGAGT	294
TAGCCATG-TCGGATTC	134
TAGCCATG-GATCTTGC	116
TAGCCATG-AGAGTCCA	254
TAGCCATG-AGGATAGC	195
CGGTAATC-GTAGCGTA	88
CGGTAATC-CGATCGAT	135
CGGTAATC-GATCAAGG	105
CGGTAATC-AACAGCGA	82
CGGTAATC-TAGCCATG	239
CGGTAATC-CGGTAATC	4498136
CGGTAATC-CTCTGGAT	431
CGGTAATC-TACCGGAT	5971
CGGTAATC-CTAGCTCA	205
CGGTAATC-CACTTCAC	147
CGGTAATC-GCTACTCT	79
CGGTAATC-ACGATCAG	103
CGGTAATC-TATGGCAC	151
CGGTAATC-TGTTCCGT	172
CGGTAATC-GTCCTAAG	75
CGGTAATC-TCGACAAG	50
CGGTAATC-TCTTCGAC	807
CGGTAATC-ATCATGCG	100
CGGTAATC-ATCGTGGT	280
CGGTAATC-TCGAGAGT	124
CGGTAATC-TCGGATTC	107
CGGTAATC-GATCTTGC	81
CGGTAATC-AGAGTCCA	115
CGGTAATC-AGGATAGC	201
CTCTGGAT-GTAGCGTA	745
CTCTGGAT-CGATCGAT	1453
CTCTGGAT-GATCAAGG	517
CTCTGGAT-AACAGCGA	684
CTCTGGAT-TAGCCATG	837
CTCTGGAT-CGGTAATC	577
CTCTGGAT-CTCTGGAT	32163349
CTCTGGAT-TACCGGAT	9772
CTCTGGAT-CTAGCTCA	2109
CTCTGGAT-CACTTCAC	506
CTCTGGAT-GCTACTCT	2028
CTCTGGAT-ACGATCAG	874
CTCTGGAT-TATGGCAC	1168
CTCTGGAT-TGTTCCGT	1620
CTCTGGAT-GTCCTAAG	821
CTCTGGAT-TCGACAAG	385
CTCTGGAT-TCTTCGAC	4193
CTCTGGAT-ATCATGCG	830
CTCTGGAT-ATCGTGGT	729
CTCTGGAT-TCGAGAGT	1604
CTCTGGAT-TCGGATTC	540
CTCTGGAT-GATCTTGC	436
CTCTGGAT-AGAGTCCA	1407
CTCTGGAT-AGGATAGC	719
TACCGGAT-GTAGCGTA	1250
TACCGGAT-CGATCGAT	1414
TACCGGAT-GATCAAGG	1267
TACCGGAT-AACAGCGA	1410
TACCGGAT-TAGCCATG	2676
TACCGGAT-CGGTAATC	2155
TACCGGAT-CTCTGGAT	10382
TACCGGAT-TACCGGAT	69307073
TACCGGAT-CTAGCTCA	3030
TACCGGAT-CACTTCAC	958
TACCGGAT-GCTACTCT	1208
TACCGGAT-ACGATCAG	1707
TACCGGAT-TATGGCAC	2745
TACCGGAT-TGTTCCGT	3515
TACCGGAT-GTCCTAAG	1625
TACCGGAT-TCGACAAG	735
TACCGGAT-TCTTCGAC	8676
TACCGGAT-ATCATGCG	1561
TACCGGAT-ATCGTGGT	1531
TACCGGAT-TCGAGAGT	2572
TACCGGAT-TCGGATTC	1001
TACCGGAT-GATCTTGC	801
TACCGGAT-AGAGTCCA	1747
TACCGGAT-AGGATAGC	1566
CTAGCTCA-GTAGCGTA	869
CTAGCTCA-CGATCGAT	388
CTAGCTCA-GATCAAGG	305
CTAGCTCA-AACAGCGA	400
CTAGCTCA-TAGCCATG	567
CTAGCTCA-CGGTAATC	274
CTAGCTCA-CTCTGGAT	2871
CTAGCTCA-TACCGGAT	2996
CTAGCTCA-CTAGCTCA	16162895
CTAGCTCA-CACTTCAC	218
CTAGCTCA-GCTACTCT	1486
CTAGCTCA-ACGATCAG	537
CTAGCTCA-TATGGCAC	591
CTAGCTCA-TGTTCCGT	690
CTAGCTCA-GTCCTAAG	443
CTAGCTCA-TCGACAAG	13254
CTAGCTCA-TCTTCGAC	1679
CTAGCTCA-ATCATGCG	1472
CTAGCTCA-ATCGTGGT	339
CTAGCTCA-TCGAGAGT	808
CTAGCTCA-TCGGATTC	285
CTAGCTCA-GATCTTGC	242
CTAGCTCA-AGAGTCCA	769
CTAGCTCA-AGGATAGC	397
CACTTCAC-GTAGCGTA	82
CACTTCAC-CGATCGAT	143
CACTTCAC-GATCAAGG	83
CACTTCAC-AACAGCGA	77
CACTTCAC-TAGCCATG	2860
CACTTCAC-CGGTAATC	168
CACTTCAC-CTCTGGAT	481
CACTTCAC-TACCGGAT	745
CACTTCAC-CTAGCTCA	220
CACTTCAC-CACTTCAC	3833640
CACTTCAC-GCTACTCT	69
CACTTCAC-ACGATCAG	274
CACTTCAC-TATGGCAC	243
CACTTCAC-TGTTCCGT	197
CACTTCAC-GTCCTAAG	84
CACTTCAC-TCGACAAG	42
CACTTCAC-TCTTCGAC	677
CACTTCAC-ATCATGCG	99
CACTTCAC-ATCGTGGT	78
CACTTCAC-TCGAGAGT	106
CACTTCAC-TCGGATTC	100
CACTTCAC-GATCTTGC	69
CACTTCAC-AGAGTCCA	122
CACTTCAC-AGGATAGC	153
GCTACTCT-GTAGCGTA	513
GCTACTCT-CGATCGAT	141
GCTACTCT-GATCAAGG	144
GCTACTCT-AACAGCGA	168
GCTACTCT-TAGCCATG	185
GCTACTCT-CGGTAATC	95
GCTACTCT-CTCTGGAT	785
GCTACTCT-TACCGGAT	1256
GCTACTCT-CTAGCTCA	431
GCTACTCT-CACTTCAC	66
GCTACTCT-GCTACTCT	6610857
GCTACTCT-ACGATCAG	250
GCTACTCT-TATGGCAC	211
GCTACTCT-TGTTCCGT	406
GCTACTCT-GTCCTAAG	217
GCTACTCT-TCGACAAG	71
GCTACTCT-TCTTCGAC	747
GCTACTCT-ATCATGCG	198
GCTACTCT-ATCGTGGT	138
GCTACTCT-TCGAGAGT	291
GCTACTCT-TCGGATTC	93
GCTACTCT-GATCTTGC	110
GCTACTCT-AGAGTCCA	312
GCTACTCT-AGGATAGC	162
ACGATCAG-GTAGCGTA	202
ACGATCAG-CGATCGAT	272
ACGATCAG-GATCAAGG	224
ACGATCAG-AACAGCGA	199
ACGATCAG-TAGCCATG	326
ACGATCAG-CGGTAATC	149
ACGATCAG-CTCTGGAT	697
ACGATCAG-TACCGGAT	1549
ACGATCAG-CTAGCTCA	377
ACGATCAG-CACTTCAC	133
ACGATCAG-GCTACTCT	228
ACGATCAG-ACGATCAG	7441721
ACGATCAG-TATGGCAC	285
ACGATCAG-TGTTCCGT	369
ACGATCAG-GTCCTAAG	323
ACGATCAG-TCGACAAG	250
ACGATCAG-TCTTCGAC	836
ACGATCAG-ATCATGCG	324
ACGATCAG-ATCGTGGT	161
ACGATCAG-TCGAGAGT	369
ACGATCAG-TCGGATTC	117
ACGATCAG-GATCTTGC	124
ACGATCAG-AGAGTCCA	329
ACGATCAG-AGGATAGC	299
TATGGCAC-GTAGCGTA	234
TATGGCAC-CGATCGAT	190
TATGGCAC-GATCAAGG	240
TATGGCAC-AACAGCGA	512
TATGGCAC-TAGCCATG	383
TATGGCAC-CGGTAATC	243
TATGGCAC-CTCTGGAT	1134
TATGGCAC-TACCGGAT	3404
TATGGCAC-CTAGCTCA	567
TATGGCAC-CACTTCAC	347
TATGGCAC-GCTACTCT	235
TATGGCAC-ACGATCAG	381
TATGGCAC-TATGGCAC	10195805
TATGGCAC-TGTTCCGT	82265
TATGGCAC-GTCCTAAG	580
TATGGCAC-TCGACAAG	178
TATGGCAC-TCTTCGAC	3173
TATGGCAC-ATCATGCG	315
TATGGCAC-ATCGTGGT	232
TATGGCAC-TCGAGAGT	695
TATGGCAC-TCGGATTC	785
TATGGCAC-GATCTTGC	261
TATGGCAC-AGAGTCCA	314
TATGGCAC-AGGATAGC	435
TGTTCCGT-GTAGCGTA	369
TGTTCCGT-CGATCGAT	407
TGTTCCGT-GATCAAGG	247
TGTTCCGT-AACAGCGA	621
TGTTCCGT-TAGCCATG	405
TGTTCCGT-CGGTAATC	186
TGTTCCGT-CTCTGGAT	1343
TGTTCCGT-TACCGGAT	3285
TGTTCCGT-CTAGCTCA	643
TGTTCCGT-CACTTCAC	204
TGTTCCGT-GCTACTCT	323
TGTTCCGT-ACGATCAG	375
TGTTCCGT-TATGGCAC	78364
TGTTCCGT-TGTTCCGT	14786868
TGTTCCGT-GTCCTAAG	305
TGTTCCGT-TCGACAAG	164
TGTTCCGT-TCTTCGAC	2001
TGTTCCGT-ATCATGCG	464
TGTTCCGT-ATCGTGGT	316
TGTTCCGT-TCGAGAGT	656
TGTTCCGT-TCGGATTC	723
TGTTCCGT-GATCTTGC	251
TGTTCCGT-AGAGTCCA	547
TGTTCCGT-AGGATAGC	370
GTCCTAAG-GTAGCGTA	242
GTCCTAAG-CGATCGAT	178
GTCCTAAG-GATCAAGG	285
GTCCTAAG-AACAGCGA	332
GTCCTAAG-TAGCCATG	286
GTCCTAAG-CGGTAATC	99
GTCCTAAG-CTCTGGAT	732
GTCCTAAG-TACCGGAT	1559
GTCCTAAG-CTAGCTCA	346
GTCCTAAG-CACTTCAC	88
GTCCTAAG-GCTACTCT	201
GTCCTAAG-ACGATCAG	262
GTCCTAAG-TATGGCAC	6276
GTCCTAAG-TGTTCCGT	734
GTCCTAAG-GTCCTAAG	8164223
GTCCTAAG-TCGACAAG	130
GTCCTAAG-TCTTCGAC	830
GTCCTAAG-ATCATGCG	268
GTCCTAAG-ATCGTGGT	157
GTCCTAAG-TCGAGAGT	244
GTCCTAAG-TCGGATTC	219
GTCCTAAG-GATCTTGC	144
GTCCTAAG-AGAGTCCA	223
GTCCTAAG-AGGATAGC	183
TCGACAAG-GTAGCGTA	69
TCGACAAG-CGATCGAT	74
TCGACAAG-GATCAAGG	102
TCGACAAG-AACAGCGA	63
TCGACAAG-TAGCCATG	206
TCGACAAG-CGGTAATC	37
TCGACAAG-CTCTGGAT	296
TCGACAAG-TACCGGAT	623
TCGACAAG-CTAGCTCA	153
TCGACAAG-CACTTCAC	20
TCGACAAG-GCTACTCT	76
TCGACAAG-ACGATCAG	182
TCGACAAG-TATGGCAC	118
TCGACAAG-TGTTCCGT	140
TCGACAAG-GTCCTAAG	168
TCGACAAG-TCGACAAG	3548541
TCGACAAG-TCTTCGAC	437
TCGACAAG-ATCATGCG	7188
TCGACAAG-ATCGTGGT	61
TCGACAAG-TCGAGAGT	254
TCGACAAG-TCGGATTC	73
TCGACAAG-GATCTTGC	38
TCGACAAG-AGAGTCCA	92
TCGACAAG-AGGATAGC	118
TCTTCGAC-GTAGCGTA	838
TCTTCGAC-CGATCGAT	875
TCTTCGAC-GATCAAGG	1504
TCTTCGAC-AACAGCGA	708
TCTTCGAC-TAGCCATG	1117
TCTTCGAC-CGGTAATC	780
TCTTCGAC-CTCTGGAT	4102
TCTTCGAC-TACCGGAT	7656
TCTTCGAC-CTAGCTCA	1860
TCTTCGAC-CACTTCAC	689
TCTTCGAC-GCTACTCT	826
TCTTCGAC-ACGATCAG	1120
TCTTCGAC-TATGGCAC	2040
TCTTCGAC-TGTTCCGT	2270
TCTTCGAC-GTCCTAAG	884
TCTTCGAC-TCGACAAG	635
TCTTCGAC-TCTTCGAC	39149148
TCTTCGAC-ATCATGCG	979
TCTTCGAC-ATCGTGGT	3861
TCTTCGAC-TCGAGAGT	1786
TCTTCGAC-TCGGATTC	1033
TCTTCGAC-GATCTTGC	739
TCTTCGAC-AGAGTCCA	1020
TCTTCGAC-AGGATAGC	1308
ATCATGCG-GTAGCGTA	200
ATCATGCG-CGATCGAT	177
ATCATGCG-GATCAAGG	351
ATCATGCG-AACAGCGA	363
ATCATGCG-TAGCCATG	617
ATCATGCG-CGGTAATC	135
ATCATGCG-CTCTGGAT	965
ATCATGCG-TACCGGAT	1600
ATCATGCG-CTAGCTCA	474
ATCATGCG-CACTTCAC	127
ATCATGCG-GCTACTCT	221
ATCATGCG-ACGATCAG	550
ATCATGCG-TATGGCAC	605
ATCATGCG-TGTTCCGT	437
ATCATGCG-GTCCTAAG	462
ATCATGCG-TCGACAAG	235
ATCATGCG-TCTTCGAC	1203
ATCATGCG-ATCATGCG	9264615
ATCATGCG-ATCGTGGT	324
ATCATGCG-TCGAGAGT	316
ATCATGCG-TCGGATTC	138
ATCATGCG-GATCTTGC	180
ATCATGCG-AGAGTCCA	380
ATCATGCG-AGGATAGC	396
ATCGTGGT-GTAGCGTA	175
ATCGTGGT-CGATCGAT	157
ATCGTGGT-GATCAAGG	503
ATCGTGGT-AACAGCGA	148
ATCGTGGT-TAGCCATG	152
ATCGTGGT-CGGTAATC	121
ATCGTGGT-CTCTGGAT	943
ATCGTGGT-TACCGGAT	1409
ATCGTGGT-CTAGCTCA	276
ATCGTGGT-CACTTCAC	61
ATCGTGGT-GCTACTCT	172
ATCGTGGT-ACGATCAG	223
ATCGTGGT-TATGGCAC	207
ATCGTGGT-TGTTCCGT	284
ATCGTGGT-GTCCTAAG	129
ATCGTGGT-TCGACAAG	77
ATCGTGGT-TCTTCGAC	1019
ATCGTGGT-ATCATGCG	227
ATCGTGGT-ATCGTGGT	6357656
ATCGTGGT-TCGAGAGT	326
ATCGTGGT-TCGGATTC	101
ATCGTGGT-GATCTTGC	93
ATCGTGGT-AGAGTCCA	218
ATCGTGGT-AGGATAGC	197
TCGAGAGT-GTAGCGTA	247
TCGAGAGT-CGATCGAT	256
TCGAGAGT-GATCAAGG	206
TCGAGAGT-AACAGCGA	244
TCGAGAGT-TAGCCATG	290
TCGAGAGT-CGGTAATC	180
TCGAGAGT-CTCTGGAT	1286
TCGAGAGT-TACCGGAT	2525
TCGAGAGT-CTAGCTCA	525
TCGAGAGT-CACTTCAC	110
TCGAGAGT-GCTACTCT	465
TCGAGAGT-ACGATCAG	503
TCGAGAGT-TATGGCAC	328
TCGAGAGT-TGTTCCGT	671
TCGAGAGT-GTCCTAAG	259
TCGAGAGT-TCGACAAG	239
TCGAGAGT-TCTTCGAC	1383
TCGAGAGT-ATCATGCG	276
TCGAGAGT-ATCGTGGT	329
TCGAGAGT-TCGAGAGT	10658212
TCGAGAGT-TCGGATTC	274
TCGAGAGT-GATCTTGC	153
TCGAGAGT-AGAGTCCA	306
TCGAGAGT-AGGATAGC	355
TCGGATTC-GTAGCGTA	85
TCGGATTC-CGATCGAT	203
TCGGATTC-GATCAAGG	91
TCGGATTC-AACAGCGA	861
TCGGATTC-TAGCCATG	117
TCGGATTC-CGGTAATC	128
TCGGATTC-CTCTGGAT	405
TCGGATTC-TACCGGAT	727
TCGGATTC-CTAGCTCA	230
TCGGATTC-CACTTCAC	85
TCGGATTC-GCTACTCT	75
TCGGATTC-ACGATCAG	137
TCGGATTC-TATGGCAC	287
TCGGATTC-TGTTCCGT	189
TCGGATTC-GTCCTAAG	105
TCGGATTC-TCGACAAG	57
TCGGATTC-TCTTCGAC	833
TCGGATTC-ATCATGCG	104
TCGGATTC-ATCGTGGT	78
TCGGATTC-TCGAGAGT	166
TCGGATTC-TCGGATTC	4163314
TCGGATTC-GATCTTGC	231
TCGGATTC-AGAGTCCA	131
TCGGATTC-AGGATAGC	191
GATCTTGC-GTAGCGTA	116
GATCTTGC-CGATCGAT	165
GATCTTGC-GATCAAGG	122
GATCTTGC-AACAGCGA	131
GATCTTGC-TAGCCATG	78
GATCTTGC-CGGTAATC	89
GATCTTGC-CTCTGGAT	275
GATCTTGC-TACCGGAT	530
GATCTTGC-CTAGCTCA	148
GATCTTGC-CACTTCAC	78
GATCTTGC-GCTACTCT	93
GATCTTGC-ACGATCAG	111
GATCTTGC-TATGGCAC	181
GATCTTGC-TGTTCCGT	130
GATCTTGC-GTCCTAAG	114
GATCTTGC-TCGACAAG	31
GATCTTGC-TCTTCGAC	520
GATCTTGC-ATCATGCG	159
GATCTTGC-ATCGTGGT	62
GATCTTGC-TCGAGAGT	107
GATCTTGC-TCGGATTC	61
GATCTTGC-GATCTTGC	3425453
GATCTTGC-AGAGTCCA	127
GATCTTGC-AGGATAGC	263
AGAGTCCA-GTAGCGTA	878
AGAGTCCA-CGATCGAT	200
AGAGTCCA-GATCAAGG	162
AGAGTCCA-AACAGCGA	331
AGAGTCCA-TAGCCATG	261
AGAGTCCA-CGGTAATC	147
AGAGTCCA-CTCTGGAT	754
AGAGTCCA-TACCGGAT	1699
AGAGTCCA-CTAGCTCA	766
AGAGTCCA-CACTTCAC	127
AGAGTCCA-GCTACTCT	232
AGAGTCCA-ACGATCAG	408
AGAGTCCA-TATGGCAC	324
AGAGTCCA-TGTTCCGT	456
AGAGTCCA-GTCCTAAG	233
AGAGTCCA-TCGACAAG	90
AGAGTCCA-TCTTCGAC	941
AGAGTCCA-ATCATGCG	291
AGAGTCCA-ATCGTGGT	220
AGAGTCCA-TCGAGAGT	779
AGAGTCCA-TCGGATTC	141
AGAGTCCA-GATCTTGC	110
AGAGTCCA-AGAGTCCA	10378366
AGAGTCCA-AGGATAGC	339
AGGATAGC-GTAGCGTA	782
AGGATAGC-CGATCGAT	201
AGGATAGC-GATCAAGG	127
AGGATAGC-AACAGCGA	222
AGGATAGC-TAGCCATG	221
AGGATAGC-CGGTAATC	198
AGGATAGC-CTCTGGAT	607
AGGATAGC-TACCGGAT	1277
AGGATAGC-CTAGCTCA	343
AGGATAGC-CACTTCAC	267
AGGATAGC-GCTACTCT	276
AGGATAGC-ACGATCAG	369
AGGATAGC-TATGGCAC	378
AGGATAGC-TGTTCCGT	339
AGGATAGC-GTCCTAAG	179
AGGATAGC-TCGACAAG	88
AGGATAGC-TCTTCGAC	1239
AGGATAGC-ATCATGCG	350
AGGATAGC-ATCGTGGT	173
AGGATAGC-TCGAGAGT	322
AGGATAGC-TCGGATTC	210
AGGATAGC-GATCTTGC	391
AGGATAGC-AGAGTCCA	342
AGGATAGC-AGGATAGC	8078057
